{
	"info": {
		"_postman_id": "3c382b35-c8ee-4411-a452-6a850b4d94a5",
		"name": "IDEALISTA",
		"schema": "https://schema.getpostman.com/json/collection/v2.1.0/collection.json",
		"_exporter_id": "32639094"
	},
	"item": [
		{
			"name": "Búsqueda ejemplo lograda",
			"request": {
				"method": "POST",
				"header": [],
				"body": {
					"mode": "urlencoded",
					"urlencoded": [
						{
							"key": "propertyType",
							"value": "homes",
							"type": "text"
						},
						{
							"key": "operation",
							"value": "sale",
							"type": "text"
						},
						{
							"key": "locationId",
							"value": "0-EU-ES-28",
							"type": "text"
						}
					]
				},
				"url": {
					"raw": "https://api.idealista.com/3.5/es/search",
					"protocol": "https",
					"host": [
						"api",
						"idealista",
						"com"
					],
					"path": [
						"3.5",
						"es",
						"search"
					]
				}
			},
			"response": []
		},
		{
			"name": "Busqueda viviendas a la venta en Sevilla",
			"request": {
				"method": "POST",
				"header": [],
				"body": {
					"mode": "urlencoded",
					"urlencoded": [
						{
							"key": "propertyType",
							"value": "homes",
							"type": "text"
						},
						{
							"key": "operation",
							"value": "sale",
							"type": "text"
						},
						{
							"key": "locationId",
							"value": "0-EU-ES-41",
							"type": "text"
						}
					]
				},
				"url": {
					"raw": "https://api.idealista.com/3.5/es/search",
					"protocol": "https",
					"host": [
						"api",
						"idealista",
						"com"
					],
					"path": [
						"3.5",
						"es",
						"search"
					]
				}
			},
			"response": []
		},
		{
			"name": "Busqueda viviendas en alquiler en Sevilla",
			"request": {
				"method": "POST",
				"header": [],
				"body": {
					"mode": "urlencoded",
					"urlencoded": [
						{
							"key": "propertyType",
							"value": "homes",
							"type": "text"
						},
						{
							"key": "operation",
							"value": "rent",
							"type": "text"
						},
						{
							"key": "locationId",
							"value": "0-EU-ES-41",
							"type": "text"
						},
						{
							"key": "",
							"value": "",
							"type": "text",
							"disabled": true
						}
					]
				},
				"url": {
					"raw": "https://api.idealista.com/3.5/es/search",
					"protocol": "https",
					"host": [
						"api",
						"idealista",
						"com"
					],
					"path": [
						"3.5",
						"es",
						"search"
					]
				}
			},
			"response": []
		},
		{
			"name": "Búsqueda de cuartos en alquiler",
			"request": {
				"method": "POST",
				"header": [],
				"body": {
					"mode": "urlencoded",
					"urlencoded": [
						{
							"key": "propertyType",
							"value": "bedrooms",
							"type": "text"
						},
						{
							"key": "operation",
							"value": "rent",
							"type": "text"
						},
						{
							"key": "locationId",
							"value": "0-EU-ES-41",
							"type": "text"
						}
					]
				},
				"url": {
					"raw": "https://api.idealista.com/3.5/es/search",
					"protocol": "https",
					"host": [
						"api",
						"idealista",
						"com"
					],
					"path": [
						"3.5",
						"es",
						"search"
					]
				}
			},
			"response": []
		},
		{
			"name": "Búsqueda de viviendas a la venta en la que el filtro de sort en la propia request",
			"request": {
				"method": "POST",
				"header": [],
				"body": {
					"mode": "urlencoded",
					"urlencoded": [
						{
							"key": "propertyType",
							"value": "homes",
							"type": "text"
						},
						{
							"key": "operation",
							"value": "sale",
							"type": "text"
						},
						{
							"key": "locationId",
							"value": "0-EU-ES-41",
							"type": "text"
						}
					]
				},
				"url": {
					"raw": "https://api.idealista.com/3.5/es/search?sort=desc",
					"protocol": "https",
					"host": [
						"api",
						"idealista",
						"com"
					],
					"path": [
						"3.5",
						"es",
						"search"
					],
					"query": [
						{
							"key": "sort",
							"value": "desc"
						}
					]
				}
			},
			"response": []
		},
		{
			"name": "Búsqueda de viviendas a la venta en la que el filtro de sort en el body",
			"request": {
				"method": "POST",
				"header": [],
				"body": {
					"mode": "urlencoded",
					"urlencoded": [
						{
							"key": "propertyType",
							"value": "homes",
							"type": "text"
						},
						{
							"key": "operation",
							"value": "sale",
							"type": "text"
						},
						{
							"key": "locationId",
							"value": "0-EU-ES-41",
							"type": "text"
						},
						{
							"key": "sort",
							"value": "desc",
							"type": "text"
						}
					]
				},
				"url": {
					"raw": "https://api.idealista.com/3.5/es/search",
					"protocol": "https",
					"host": [
						"api",
						"idealista",
						"com"
					],
					"path": [
						"3.5",
						"es",
						"search"
					]
				}
			},
			"response": []
		}
	],
	"auth": {
		"type": "oauth2",
		"oauth2": [
			{
				"key": "clientSecret",
				"value": "LGrrCuH591ke",
				"type": "string"
			},
			{
				"key": "clientId",
				"value": "621l1r8d9r2h5yusg3iqije8gl3ofe4g",
				"type": "string"
			},
			{
				"key": "accessTokenUrl",
				"value": "https://api.idealista.com/oauth/token",
				"type": "string"
			},
			{
				"key": "grant_type",
				"value": "client_credentials",
				"type": "string"
			},
			{
				"key": "addTokenTo",
				"value": "header",
				"type": "string"
			}
		]
	},
	"event": [
		{
			"listen": "prerequest",
			"script": {
				"type": "text/javascript",
				"exec": [
					""
				]
			}
		},
		{
			"listen": "test",
			"script": {
				"type": "text/javascript",
				"exec": [
					""
				]
			}
		}
	],
	"variable": [
		{
			"key": "api_key",
			"value": "621l1r8d9r2h5yusg3iqije8gl3ofe4g",
			"type": "string"
		},
		{
			"key": "country",
			"value": "es",
			"type": "string"
		},
		{
			"key": "operation",
			"value": "sale"
		},
		{
			"key": "propertyType",
			"value": "pisos"
		},
		{
			"key": "center",
			"value": "40.123.-3.242"
		},
		{
			"key": "locationId",
			"value": "0-EU-ES-28"
		},
		{
			"key": "user",
			"value": "621l1r8d9r2h5yusg3iqije8gl3ofe4g:",
			"type": "string",
			"disabled": true
		}
	]
}