{
	"info": {
		"_postman_id": "9f969cef-88e0-448d-bcfb-5fd09fcc157c",
		"name": "Jsonplceholder",
		"schema": "https://schema.getpostman.com/json/collection/v2.1.0/collection.json",
		"_exporter_id": "32639094"
	},
	"item": [
		{
			"name": "Pruebaget",
			"request": {
				"method": "GET",
				"header": [],
				"url": {
					"raw": "https://jsonplaceholder.typicode.com/comments?postId=5&id=22",
					"protocol": "https",
					"host": [
						"jsonplaceholder",
						"typicode",
						"com"
					],
					"path": [
						"comments"
					],
					"query": [
						{
							"key": "postId",
							"value": "5"
						},
						{
							"key": "id",
							"value": "22"
						}
					]
				}
			},
			"response": []
		},
		{
			"name": "pruebapost",
			"request": {
				"method": "POST",
				"header": [],
				"body": {
					"mode": "raw",
					"raw": "{\r\n  \"id\": \"101\",\r\n  \"title\": \"Ahsoka\",\r\n  \"body\": \"Hay que registrar a Ahsoka en swapi.dev/api/\",\r\n  \"userId\":\"1\",\r\n  \"photoUrl\": \"https://www.google.com/url?sa=i&url=https%3A%2F%2Fwww.elplural.com%2Fel-telescopio%2Fcuanto-sabes-ahsoka-tano-jedi_316631102&psig=AOvVaw1cKsRiuLxrYKY0sMs-RatJ&ust=1708770115567000&source=images&cd=vfe&opi=89978449&ved=0CBIQjRxqFwoTCMirhPaewYQDFQAAAAAdAAAAABAD\"\r\n}",
					"options": {
						"raw": {
							"language": "json"
						}
					}
				},
				"url": {
					"raw": "https://jsonplaceholder.typicode.com/posts",
					"protocol": "https",
					"host": [
						"jsonplaceholder",
						"typicode",
						"com"
					],
					"path": [
						"posts"
					]
				}
			},
			"response": []
		}
	],
	"event": [
		{
			"listen": "prerequest",
			"script": {
				"type": "text/javascript",
				"exec": [
					""
				]
			}
		},
		{
			"listen": "test",
			"script": {
				"type": "text/javascript",
				"exec": [
					""
				]
			}
		}
	],
	"variable": [
		{
			"key": "url",
			"value": "https://swapi.dev/api",
			"type": "string"
		}
	]
}